iter	Accuracy	Logloss
0	0.6979166667	0.692929535
1	0.7048611111	0.6927377194
2	0.6987847222	0.6925478645
3	0.7013888889	0.692358949
4	0.6979166667	0.6921787385	5	0.6979166667	0.6919676	0.6	0.6970486111	0.69177	0.7	07	0.6961805556	0.68	0.8	0.8	8	0.6970486111	9	099	0.9	0.69	0.6961805510	110	010	0.69510	0.69618055111	011	0.69531211	0.69611112	012	0.6953125	012	0.61113	013	0.6953125	0.6913	1414	014	0.6953125	0.690221515	015	0.6953125	0.690051616	016	0.6953125	0.689871717	017	0.6953125	0.689661818	018	0.6953125	0.689461919	019	0.6953125	0.689220	20	020	0.6953125	0.6890820	0.6953125	0.689083218
